"","category","term","number_of_genes","number_of_genes_in_background","ncbiTaxonId","inputGenes","preferredNames","p_value","fdr","description"
"46","KEGG","ath00190",6,149,3702,"3702.AT2G07671.1,3702.AT2G07687.1,3702.AT2G07727.1,3702.AT2G07741.1,3702.AT3G58730.1,3702.AT5G40650.1","AT2G07671.1,cox3,cob,ATPase,AT3G58730,SDH2-2",2.01e-06,0.00027,"Oxidative phosphorylation"
"47","KEGG","ath01100",16,2275,3702,"3702.AT1G31800.1,3702.AT2G07671.1,3702.AT2G07687.1,3702.AT2G07727.1,3702.AT2G07741.1,3702.AT2G19800.1,3702.AT3G57520.1,3702.AT3G58730.1,3702.AT4G26260.2,3702.AT4G35790.1,3702.AT5G20250.4,3702.AT5G40650.1,3702.AT5G47840.1,3702.AT5G56640.1,3702.AT5G58220.1,3702.AT5G60600.1","CYP97A3,AT2G07671.1,cox3,cob,ATPase,MIOX2,SIP2,AT3G58730,MIOX4,PLDDELTA,DIN10,SDH2-2,AMK2,MIOX5,At5g58220,HDS",7.92e-05,0.0053,"Metabolic pathways"
"48","KEGG","ath00053",3,53,3702,"3702.AT2G19800.1,3702.AT4G26260.2,3702.AT5G56640.1","MIOX2,MIOX4,MIOX5",0.00033,0.0151,"Ascorbate and aldarate metabolism"
"49","KEGG","ath00562",3,77,3702,"3702.AT2G19800.1,3702.AT4G26260.2,3702.AT5G56640.1","MIOX2,MIOX4,MIOX5",0.00095,0.0322,"Inositol phosphate metabolism"
